"personnum","date","shift","in_turno","out_turno","00:00","01:00","02:00","03:00","04:00","05:00","06:00","07:00","08:00","09:00","10:00","11:00","12:00","13:00","14:00","15:00","16:00","17:00","18:00","19:00","20:00","21:00","22:00","23:00"
"1","2023-12-18","SALA PT","19:00:00","23:00:00","0","0","0","0","0","0","0","0","0","0","0","0","0","0","0","0","0","0","0","1","1","1","1","0"
"1","2023-12-19","SALA PT","19:00:00","23:00:00","0","0","0","0","0","0","0","0","0","0","0","0","0","0","0","0","0","0","0","1","1","1","1","0"
"1","2023-12-20","SALA PT","15:00:00","19:00:00","0","0","0","0","0","0","0","0","0","0","0","0","0","0","0","1","1","1","1","0","0","0","0","0"
"1","2023-12-21","Libre","00:00:00","00:00:00","0","0","0","0","0","0","0","0","0","0","0","0","0","0","0","0","0","0","0","0","0","0","0","0"
"1","2023-12-22","SALA PT","17:00:00","21:00:00","0","0","0","0","0","0","0","0","0","0","0","0","0","0","0","0","0","1","1","1","1","0","0","0"
"1","2023-12-23","SALA PT","15:00:00","19:00:00","0","0","0","0","0","0","0","0","0","0","0","0","0","0","0","1","1","1","1","0","0","0","0","0"
"1","2023-12-24","SALA PT","15:00:00","19:00:00","0","0","0","0","0","0","0","0","0","0","0","0","0","0","0","1","1","1","1","0","0","0","0","0"
"2","2023-12-18","SALA FT","14:00:00","23:00:00","0","0","0","0","0","0","0","0","0","0","0","0","0","0","1","1","1","1","1","1","1","1","1","0"
"2","2023-12-19","SALA FT","14:00:00","23:00:00","0","0","0","0","0","0","0","0","0","0","0","0","0","0","1","1","1","1","1","1","1","1","1","0"
"2","2023-12-20","Libre","00:00:00","00:00:00","0","0","0","0","0","0","0","0","0","0","0","0","0","0","0","0","0","0","0","0","0","0","0","0"
"2","2023-12-21","SALA FT","07:00:00","16:00:00","0","0","0","0","0","0","0","1","1","1","1","1","1","1","1","1","0","0","0","0","0","0","0","0"
"2","2023-12-22","SALA FT","07:00:00","16:00:00","0","0","0","0","0","0","0","1","1","1","1","1","1","1","1","1","0","0","0","0","0","0","0","0"
"2","2023-12-23","Libre","00:00:00","00:00:00","0","0","0","0","0","0","0","0","0","0","0","0","0","0","0","0","0","0","0","0","0","0","0","0"
"2","2023-12-24","SALA FT","07:00:00","16:00:00","0","0","0","0","0","0","0","1","1","1","1","1","1","1","1","1","0","0","0","0","0","0","0","0"
"3","2023-12-18","SALA PT","19:00:00","23:00:00","0","0","0","0","0","0","0","0","0","0","0","0","0","0","0","0","0","0","0","1","1","1","1","0"
"3","2023-12-19","SALA PT","15:00:00","19:00:00","0","0","0","0","0","0","0","0","0","0","0","0","0","0","0","1","1","1","1","0","0","0","0","0"
"3","2023-12-20","SALA PT","15:00:00","19:00:00","0","0","0","0","0","0","0","0","0","0","0","0","0","0","0","1","1","1","1","0","0","0","0","0"
"3","2023-12-21","Libre","00:00:00","00:00:00","0","0","0","0","0","0","0","0","0","0","0","0","0","0","0","0","0","0","0","0","0","0","0","0"
"3","2023-12-22","Libre","00:00:00","00:00:00","0","0","0","0","0","0","0","0","0","0","0","0","0","0","0","0","0","0","0","0","0","0","0","0"
"3","2023-12-23","SALA PT","17:00:00","21:00:00","0","0","0","0","0","0","0","0","0","0","0","0","0","0","0","0","0","1","1","1","1","0","0","0"
"3","2023-12-24","SALA PT","15:00:00","19:00:00","0","0","0","0","0","0","0","0","0","0","0","0","0","0","0","1","1","1","1","0","0","0","0","0"
"4","2023-12-18","SALA FT","07:00:00","16:00:00","0","0","0","0","0","0","0","1","1","1","1","1","1","1","1","1","0","0","0","0","0","0","0","0"
"4","2023-12-19","SALA FT","14:00:00","23:00:00","0","0","0","0","0","0","0","0","0","0","0","0","0","0","1","1","1","1","1","1","1","1","1","0"
"4","2023-12-20","Libre","00:00:00","00:00:00","0","0","0","0","0","0","0","0","0","0","0","0","0","0","0","0","0","0","0","0","0","0","0","0"
"4","2023-12-21","SALA FT","14:00:00","23:00:00","0","0","0","0","0","0","0","0","0","0","0","0","0","0","1","1","1","1","1","1","1","1","1","0"
"4","2023-12-22","SALA FT","14:00:00","23:00:00","0","0","0","0","0","0","0","0","0","0","0","0","0","0","1","1","1","1","1","1","1","1","1","0"
"4","2023-12-23","SALA FT","14:00:00","23:00:00","0","0","0","0","0","0","0","0","0","0","0","0","0","0","1","1","1","1","1","1","1","1","1","0"
"4","2023-12-24","Libre","00:00:00","00:00:00","0","0","0","0","0","0","0","0","0","0","0","0","0","0","0","0","0","0","0","0","0","0","0","0"
"5","2023-12-18","SALA PT","19:00:00","23:00:00","0","0","0","0","0","0","0","0","0","0","0","0","0","0","0","0","0","0","0","1","1","1","1","0"
"5","2023-12-19","SALA PT","15:00:00","19:00:00","0","0","0","0","0","0","0","0","0","0","0","0","0","0","0","1","1","1","1","0","0","0","0","0"
"5","2023-12-20","SALA PT","19:00:00","23:00:00","0","0","0","0","0","0","0","0","0","0","0","0","0","0","0","0","0","0","0","1","1","1","1","0"
"5","2023-12-21","Libre","00:00:00","00:00:00","0","0","0","0","0","0","0","0","0","0","0","0","0","0","0","0","0","0","0","0","0","0","0","0"
"5","2023-12-22","SALA PT","17:00:00","21:00:00","0","0","0","0","0","0","0","0","0","0","0","0","0","0","0","0","0","1","1","1","1","0","0","0"
"5","2023-12-23","SALA PT","17:00:00","21:00:00","0","0","0","0","0","0","0","0","0","0","0","0","0","0","0","0","0","1","1","1","1","0","0","0"
"5","2023-12-24","SALA PT","19:00:00","23:00:00","0","0","0","0","0","0","0","0","0","0","0","0","0","0","0","0","0","0","0","1","1","1","1","0"
"6","2023-12-18","Libre","00:00:00","00:00:00","0","0","0","0","0","0","0","0","0","0","0","0","0","0","0","0","0","0","0","0","0","0","0","0"
"6","2023-12-19","SALA PT","15:00:00","19:00:00","0","0","0","0","0","0","0","0","0","0","0","0","0","0","0","1","1","1","1","0","0","0","0","0"
"6","2023-12-20","SALA PT","19:00:00","23:00:00","0","0","0","0","0","0","0","0","0","0","0","0","0","0","0","0","0","0","0","1","1","1","1","0"
"6","2023-12-21","Libre","00:00:00","00:00:00","0","0","0","0","0","0","0","0","0","0","0","0","0","0","0","0","0","0","0","0","0","0","0","0"
"6","2023-12-22","SALA PT","15:00:00","19:00:00","0","0","0","0","0","0","0","0","0","0","0","0","0","0","0","1","1","1","1","0","0","0","0","0"
"6","2023-12-23","SALA PT","15:00:00","19:00:00","0","0","0","0","0","0","0","0","0","0","0","0","0","0","0","1","1","1","1","0","0","0","0","0"
"6","2023-12-24","SALA PT","19:00:00","23:00:00","0","0","0","0","0","0","0","0","0","0","0","0","0","0","0","0","0","0","0","1","1","1","1","0"
"7","2023-12-18","SALA FT","07:00:00","16:00:00","0","0","0","0","0","0","0","1","1","1","1","1","1","1","1","1","0","0","0","0","0","0","0","0"
"7","2023-12-19","SALA FT","07:00:00","16:00:00","0","0","0","0","0","0","0","1","1","1","1","1","1","1","1","1","0","0","0","0","0","0","0","0"
"7","2023-12-20","SALA FT","07:00:00","16:00:00","0","0","0","0","0","0","0","1","1","1","1","1","1","1","1","1","0","0","0","0","0","0","0","0"
"7","2023-12-21","Libre","00:00:00","00:00:00","0","0","0","0","0","0","0","0","0","0","0","0","0","0","0","0","0","0","0","0","0","0","0","0"
"7","2023-12-22","SALA FT","14:00:00","23:00:00","0","0","0","0","0","0","0","0","0","0","0","0","0","0","1","1","1","1","1","1","1","1","1","0"
"7","2023-12-23","SALA FT","14:00:00","23:00:00","0","0","0","0","0","0","0","0","0","0","0","0","0","0","1","1","1","1","1","1","1","1","1","0"
"7","2023-12-24","Libre","00:00:00","00:00:00","0","0","0","0","0","0","0","0","0","0","0","0","0","0","0","0","0","0","0","0","0","0","0","0"
"8","2023-12-18","SALA PT","15:00:00","19:00:00","0","0","0","0","0","0","0","0","0","0","0","0","0","0","0","1","1","1","1","0","0","0","0","0"
"8","2023-12-19","SALA PT","19:00:00","23:00:00","0","0","0","0","0","0","0","0","0","0","0","0","0","0","0","0","0","0","0","1","1","1","1","0"
"8","2023-12-20","SALA PT","19:00:00","23:00:00","0","0","0","0","0","0","0","0","0","0","0","0","0","0","0","0","0","0","0","1","1","1","1","0"
"8","2023-12-21","SALA PT","19:00:00","23:00:00","0","0","0","0","0","0","0","0","0","0","0","0","0","0","0","0","0","0","0","1","1","1","1","0"
"8","2023-12-22","SALA PT","17:00:00","21:00:00","0","0","0","0","0","0","0","0","0","0","0","0","0","0","0","0","0","1","1","1","1","0","0","0"
"8","2023-12-23","Libre","00:00:00","00:00:00","0","0","0","0","0","0","0","0","0","0","0","0","0","0","0","0","0","0","0","0","0","0","0","0"
"8","2023-12-24","SALA PT","17:00:00","21:00:00","0","0","0","0","0","0","0","0","0","0","0","0","0","0","0","0","0","1","1","1","1","0","0","0"
"9","2023-12-18","Libre","00:00:00","00:00:00","0","0","0","0","0","0","0","0","0","0","0","0","0","0","0","0","0","0","0","0","0","0","0","0"
"9","2023-12-19","SALA FT","07:00:00","16:00:00","0","0","0","0","0","0","0","1","1","1","1","1","1","1","1","1","0","0","0","0","0","0","0","0"
"9","2023-12-20","SALA FT","07:00:00","16:00:00","0","0","0","0","0","0","0","1","1","1","1","1","1","1","1","1","0","0","0","0","0","0","0","0"
"9","2023-12-21","SALA FT","07:00:00","16:00:00","0","0","0","0","0","0","0","1","1","1","1","1","1","1","1","1","0","0","0","0","0","0","0","0"
"9","2023-12-22","SALA FT","07:00:00","16:00:00","0","0","0","0","0","0","0","1","1","1","1","1","1","1","1","1","0","0","0","0","0","0","0","0"
"9","2023-12-23","SALA FT","07:00:00","16:00:00","0","0","0","0","0","0","0","1","1","1","1","1","1","1","1","1","0","0","0","0","0","0","0","0"
"9","2023-12-24","Libre","00:00:00","00:00:00","0","0","0","0","0","0","0","0","0","0","0","0","0","0","0","0","0","0","0","0","0","0","0","0"
"10","2023-12-18","Libre","00:00:00","00:00:00","0","0","0","0","0","0","0","0","0","0","0","0","0","0","0","0","0","0","0","0","0","0","0","0"
"10","2023-12-19","SALA FT","14:00:00","23:00:00","0","0","0","0","0","0","0","0","0","0","0","0","0","0","1","1","1","1","1","1","1","1","1","0"
"10","2023-12-20","SALA FT","14:00:00","23:00:00","0","0","0","0","0","0","0","0","0","0","0","0","0","0","1","1","1","1","1","1","1","1","1","0"
"10","2023-12-21","Libre","00:00:00","00:00:00","0","0","0","0","0","0","0","0","0","0","0","0","0","0","0","0","0","0","0","0","0","0","0","0"
"10","2023-12-22","SALA PT","19:00:00","23:00:00","0","0","0","0","0","0","0","0","0","0","0","0","0","0","0","0","0","0","0","1","1","1","1","0"
"10","2023-12-23","Libre","00:00:00","00:00:00","0","0","0","0","0","0","0","0","0","0","0","0","0","0","0","0","0","0","0","0","0","0","0","0"
"10","2023-12-24","Libre","00:00:00","00:00:00","0","0","0","0","0","0","0","0","0","0","0","0","0","0","0","0","0","0","0","0","0","0","0","0"
"11","2023-12-18","SALA PT","15:00:00","19:00:00","0","0","0","0","0","0","0","0","0","0","0","0","0","0","0","1","1","1","1","0","0","0","0","0"
"11","2023-12-19","SALA PT","19:00:00","23:00:00","0","0","0","0","0","0","0","0","0","0","0","0","0","0","0","0","0","0","0","1","1","1","1","0"
"11","2023-12-20","SALA PT","19:00:00","23:00:00","0","0","0","0","0","0","0","0","0","0","0","0","0","0","0","0","0","0","0","1","1","1","1","0"
"11","2023-12-21","Libre","00:00:00","00:00:00","0","0","0","0","0","0","0","0","0","0","0","0","0","0","0","0","0","0","0","0","0","0","0","0"
"11","2023-12-22","Libre","00:00:00","00:00:00","0","0","0","0","0","0","0","0","0","0","0","0","0","0","0","0","0","0","0","0","0","0","0","0"
"11","2023-12-23","SALA PT","17:00:00","21:00:00","0","0","0","0","0","0","0","0","0","0","0","0","0","0","0","0","0","1","1","1","1","0","0","0"
"11","2023-12-24","SALA PT","19:00:00","23:00:00","0","0","0","0","0","0","0","0","0","0","0","0","0","0","0","0","0","0","0","1","1","1","1","0"
"12","2023-12-18","SALA PT","19:00:00","23:00:00","0","0","0","0","0","0","0","0","0","0","0","0","0","0","0","0","0","0","0","1","1","1","1","0"
"12","2023-12-19","SALA PT","19:00:00","23:00:00","0","0","0","0","0","0","0","0","0","0","0","0","0","0","0","0","0","0","0","1","1","1","1","0"
"12","2023-12-20","Libre","00:00:00","00:00:00","0","0","0","0","0","0","0","0","0","0","0","0","0","0","0","0","0","0","0","0","0","0","0","0"
"12","2023-12-21","SALA PT","17:00:00","21:00:00","0","0","0","0","0","0","0","0","0","0","0","0","0","0","0","0","0","1","1","1","1","0","0","0"
"12","2023-12-22","SALA PT","15:00:00","19:00:00","0","0","0","0","0","0","0","0","0","0","0","0","0","0","0","1","1","1","1","0","0","0","0","0"
"12","2023-12-23","SALA PT","19:00:00","23:00:00","0","0","0","0","0","0","0","0","0","0","0","0","0","0","0","0","0","0","0","1","1","1","1","0"
"12","2023-12-24","Libre","00:00:00","00:00:00","0","0","0","0","0","0","0","0","0","0","0","0","0","0","0","0","0","0","0","0","0","0","0","0"
"13","2023-12-18","SALA PT","19:00:00","23:00:00","0","0","0","0","0","0","0","0","0","0","0","0","0","0","0","0","0","0","0","1","1","1","1","0"
"13","2023-12-19","SALA PT","17:00:00","21:00:00","0","0","0","0","0","0","0","0","0","0","0","0","0","0","0","0","0","1","1","1","1","0","0","0"
"13","2023-12-20","SALA PT","19:00:00","23:00:00","0","0","0","0","0","0","0","0","0","0","0","0","0","0","0","0","0","0","0","1","1","1","1","0"
"13","2023-12-21","SALA PT","19:00:00","23:00:00","0","0","0","0","0","0","0","0","0","0","0","0","0","0","0","0","0","0","0","1","1","1","1","0"
"13","2023-12-22","SALA PT","15:00:00","19:00:00","0","0","0","0","0","0","0","0","0","0","0","0","0","0","0","1","1","1","1","0","0","0","0","0"
"13","2023-12-23","SALA PT","19:00:00","23:00:00","0","0","0","0","0","0","0","0","0","0","0","0","0","0","0","0","0","0","0","1","1","1","1","0"
"13","2023-12-24","Libre","00:00:00","00:00:00","0","0","0","0","0","0","0","0","0","0","0","0","0","0","0","0","0","0","0","0","0","0","0","0"
"14","2023-12-18","Libre","00:00:00","00:00:00","0","0","0","0","0","0","0","0","0","0","0","0","0","0","0","0","0","0","0","0","0","0","0","0"
"14","2023-12-19","SALA PT","15:00:00","19:00:00","0","0","0","0","0","0","0","0","0","0","0","0","0","0","0","1","1","1","1","0","0","0","0","0"
"14","2023-12-20","SALA PT","17:00:00","21:00:00","0","0","0","0","0","0","0","0","0","0","0","0","0","0","0","0","0","1","1","1","1","0","0","0"
"14","2023-12-21","SALA PT","19:00:00","23:00:00","0","0","0","0","0","0","0","0","0","0","0","0","0","0","0","0","0","0","0","1","1","1","1","0"
"14","2023-12-22","SALA PT","19:00:00","23:00:00","0","0","0","0","0","0","0","0","0","0","0","0","0","0","0","0","0","0","0","1","1","1","1","0"
"14","2023-12-23","SALA PT","17:00:00","21:00:00","0","0","0","0","0","0","0","0","0","0","0","0","0","0","0","0","0","1","1","1","1","0","0","0"
"14","2023-12-24","Libre","00:00:00","00:00:00","0","0","0","0","0","0","0","0","0","0","0","0","0","0","0","0","0","0","0","0","0","0","0","0"
"15","2023-12-18","Libre","00:00:00","00:00:00","0","0","0","0","0","0","0","0","0","0","0","0","0","0","0","0","0","0","0","0","0","0","0","0"
"15","2023-12-19","SALA PT","19:00:00","23:00:00","0","0","0","0","0","0","0","0","0","0","0","0","0","0","0","0","0","0","0","1","1","1","1","0"
"15","2023-12-20","SALA PT","17:00:00","21:00:00","0","0","0","0","0","0","0","0","0","0","0","0","0","0","0","0","0","1","1","1","1","0","0","0"
"15","2023-12-21","SALA PT","15:00:00","19:00:00","0","0","0","0","0","0","0","0","0","0","0","0","0","0","0","1","1","1","1","0","0","0","0","0"
"15","2023-12-22","SALA PT","15:00:00","19:00:00","0","0","0","0","0","0","0","0","0","0","0","0","0","0","0","1","1","1","1","0","0","0","0","0"
"15","2023-12-23","SALA PT","19:00:00","23:00:00","0","0","0","0","0","0","0","0","0","0","0","0","0","0","0","0","0","0","0","1","1","1","1","0"
"15","2023-12-24","Libre","00:00:00","00:00:00","0","0","0","0","0","0","0","0","0","0","0","0","0","0","0","0","0","0","0","0","0","0","0","0"
"16","2023-12-18","SALA PT","15:00:00","19:00:00","0","0","0","0","0","0","0","0","0","0","0","0","0","0","0","1","1","1","1","0","0","0","0","0"
"16","2023-12-19","Libre","00:00:00","00:00:00","0","0","0","0","0","0","0","0","0","0","0","0","0","0","0","0","0","0","0","0","0","0","0","0"
"16","2023-12-20","SALA PT","15:00:00","19:00:00","0","0","0","0","0","0","0","0","0","0","0","0","0","0","0","1","1","1","1","0","0","0","0","0"
"16","2023-12-21","Libre","00:00:00","00:00:00","0","0","0","0","0","0","0","0","0","0","0","0","0","0","0","0","0","0","0","0","0","0","0","0"
"16","2023-12-22","SALA PT","19:00:00","23:00:00","0","0","0","0","0","0","0","0","0","0","0","0","0","0","0","0","0","0","0","1","1","1","1","0"
"16","2023-12-23","SALA PT","19:00:00","23:00:00","0","0","0","0","0","0","0","0","0","0","0","0","0","0","0","0","0","0","0","1","1","1","1","0"
"16","2023-12-24","SALA PT","17:00:00","21:00:00","0","0","0","0","0","0","0","0","0","0","0","0","0","0","0","0","0","1","1","1","1","0","0","0"
"17","2023-12-18","Libre","00:00:00","00:00:00","0","0","0","0","0","0","0","0","0","0","0","0","0","0","0","0","0","0","0","0","0","0","0","0"
"17","2023-12-19","SALA PT","15:00:00","19:00:00","0","0","0","0","0","0","0","0","0","0","0","0","0","0","0","1","1","1","1","0","0","0","0","0"
"17","2023-12-20","Libre","00:00:00","00:00:00","0","0","0","0","0","0","0","0","0","0","0","0","0","0","0","0","0","0","0","0","0","0","0","0"
"17","2023-12-21","SALA PT","15:00:00","19:00:00","0","0","0","0","0","0","0","0","0","0","0","0","0","0","0","1","1","1","1","0","0","0","0","0"
"17","2023-12-22","SALA PT","19:00:00","23:00:00","0","0","0","0","0","0","0","0","0","0","0","0","0","0","0","0","0","0","0","1","1","1","1","0"
"17","2023-12-23","SALA PT","15:00:00","19:00:00","0","0","0","0","0","0","0","0","0","0","0","0","0","0","0","1","1","1","1","0","0","0","0","0"
"17","2023-12-24","SALA PT","17:00:00","21:00:00","0","0","0","0","0","0","0","0","0","0","0","0","0","0","0","0","0","1","1","1","1","0","0","0"
"18","2023-12-18","SALA PT","15:00:00","19:00:00","0","0","0","0","0","0","0","0","0","0","0","0","0","0","0","1","1","1","1","0","0","0","0","0"
"18","2023-12-19","Libre","00:00:00","00:00:00","0","0","0","0","0","0","0","0","0","0","0","0","0","0","0","0","0","0","0","0","0","0","0","0"
"18","2023-12-20","SALA PT","15:00:00","19:00:00","0","0","0","0","0","0","0","0","0","0","0","0","0","0","0","1","1","1","1","0","0","0","0","0"
"18","2023-12-21","SALA PT","15:00:00","19:00:00","0","0","0","0","0","0","0","0","0","0","0","0","0","0","0","1","1","1","1","0","0","0","0","0"
"18","2023-12-22","SALA PT","17:00:00","21:00:00","0","0","0","0","0","0","0","0","0","0","0","0","0","0","0","0","0","1","1","1","1","0","0","0"
"18","2023-12-23","SALA PT","15:00:00","19:00:00","0","0","0","0","0","0","0","0","0","0","0","0","0","0","0","1","1","1","1","0","0","0","0","0"
"18","2023-12-24","SALA PT","17:00:00","21:00:00","0","0","0","0","0","0","0","0","0","0","0","0","0","0","0","0","0","1","1","1","1","0","0","0"
"19","2023-12-18","SALA PT","19:00:00","23:00:00","0","0","0","0","0","0","0","0","0","0","0","0","0","0","0","0","0","0","0","1","1","1","1","0"
"19","2023-12-19","SALA PT","19:00:00","23:00:00","0","0","0","0","0","0","0","0","0","0","0","0","0","0","0","0","0","0","0","1","1","1","1","0"
"19","2023-12-20","SALA PT","19:00:00","23:00:00","0","0","0","0","0","0","0","0","0","0","0","0","0","0","0","0","0","0","0","1","1","1","1","0"
"19","2023-12-21","SALA PT","19:00:00","23:00:00","0","0","0","0","0","0","0","0","0","0","0","0","0","0","0","0","0","0","0","1","1","1","1","0"
"19","2023-12-22","SALA PT","19:00:00","23:00:00","0","0","0","0","0","0","0","0","0","0","0","0","0","0","0","0","0","0","0","1","1","1","1","0"
"19","2023-12-23","Libre","00:00:00","00:00:00","0","0","0","0","0","0","0","0","0","0","0","0","0","0","0","0","0","0","0","0","0","0","0","0"
"19","2023-12-24","SALA PT","19:00:00","23:00:00","0","0","0","0","0","0","0","0","0","0","0","0","0","0","0","0","0","0","0","1","1","1","1","0"
"20","2023-12-18","Libre","00:00:00","00:00:00","0","0","0","0","0","0","0","0","0","0","0","0","0","0","0","0","0","0","0","0","0","0","0","0"
"20","2023-12-19","SALA PT","17:00:00","21:00:00","0","0","0","0","0","0","0","0","0","0","0","0","0","0","0","0","0","1","1","1","1","0","0","0"
"20","2023-12-20","SALA PT","17:00:00","21:00:00","0","0","0","0","0","0","0","0","0","0","0","0","0","0","0","0","0","1","1","1","1","0","0","0"
"20","2023-12-21","SALA PT","19:00:00","23:00:00","0","0","0","0","0","0","0","0","0","0","0","0","0","0","0","0","0","0","0","1","1","1","1","0"
"20","2023-12-22","Libre","00:00:00","00:00:00","0","0","0","0","0","0","0","0","0","0","0","0","0","0","0","0","0","0","0","0","0","0","0","0"
"20","2023-12-23","SALA PT","19:00:00","23:00:00","0","0","0","0","0","0","0","0","0","0","0","0","0","0","0","0","0","0","0","1","1","1","1","0"
"20","2023-12-24","SALA PT","15:00:00","19:00:00","0","0","0","0","0","0","0","0","0","0","0","0","0","0","0","1","1","1","1","0","0","0","0","0"
"21","2023-12-18","SALA PT","19:00:00","23:00:00","0","0","0","0","0","0","0","0","0","0","0","0","0","0","0","0","0","0","0","1","1","1","1","0"
"21","2023-12-19","SALA PT","17:00:00","21:00:00","0","0","0","0","0","0","0","0","0","0","0","0","0","0","0","0","0","1","1","1","1","0","0","0"
"21","2023-12-20","Libre","00:00:00","00:00:00","0","0","0","0","0","0","0","0","0","0","0","0","0","0","0","0","0","0","0","0","0","0","0","0"
"21","2023-12-21","SALA PT","15:00:00","19:00:00","0","0","0","0","0","0","0","0","0","0","0","0","0","0","0","1","1","1","1","0","0","0","0","0"
"21","2023-12-22","Libre","00:00:00","00:00:00","0","0","0","0","0","0","0","0","0","0","0","0","0","0","0","0","0","0","0","0","0","0","0","0"
"21","2023-12-23","SALA PT","19:00:00","23:00:00","0","0","0","0","0","0","0","0","0","0","0","0","0","0","0","0","0","0","0","1","1","1","1","0"
"21","2023-12-24","SALA PT","15:00:00","19:00:00","0","0","0","0","0","0","0","0","0","0","0","0","0","0","0","1","1","1","1","0","0","0","0","0"
"22","2023-12-18","SALA PT","15:00:00","19:00:00","0","0","0","0","0","0","0","0","0","0","0","0","0","0","0","1","1","1","1","0","0","0","0","0"
"22","2023-12-19","SALA PT","17:00:00","21:00:00","0","0","0","0","0","0","0","0","0","0","0","0","0","0","0","0","0","1","1","1","1","0","0","0"
"22","2023-12-20","SALA PT","17:00:00","21:00:00","0","0","0","0","0","0","0","0","0","0","0","0","0","0","0","0","0","1","1","1","1","0","0","0"
"22","2023-12-21","SALA PT","15:00:00","19:00:00","0","0","0","0","0","0","0","0","0","0","0","0","0","0","0","1","1","1","1","0","0","0","0","0"
"22","2023-12-22","SALA PT","19:00:00","23:00:00","0","0","0","0","0","0","0","0","0","0","0","0","0","0","0","0","0","0","0","1","1","1","1","0"
"22","2023-12-23","Libre","00:00:00","00:00:00","0","0","0","0","0","0","0","0","0","0","0","0","0","0","0","0","0","0","0","0","0","0","0","0"
"22","2023-12-24","Libre","00:00:00","00:00:00","0","0","0","0","0","0","0","0","0","0","0","0","0","0","0","0","0","0","0","0","0","0","0","0"
"23","2023-12-18","SALA PT","19:00:00","23:00:00","0","0","0","0","0","0","0","0","0","0","0","0","0","0","0","0","0","0","0","1","1","1","1","0"
"23","2023-12-19","Libre","00:00:00","00:00:00","0","0","0","0","0","0","0","0","0","0","0","0","0","0","0","0","0","0","0","0","0","0","0","0"
"23","2023-12-20","SALA PT","15:00:00","19:00:00","0","0","0","0","0","0","0","0","0","0","0","0","0","0","0","1","1","1","1","0","0","0","0","0"
"23","2023-12-21","SALA PT","15:00:00","19:00:00","0","0","0","0","0","0","0","0","0","0","0","0","0","0","0","1","1","1","1","0","0","0","0","0"
"23","2023-12-22","SALA PT","15:00:00","19:00:00","0","0","0","0","0","0","0","0","0","0","0","0","0","0","0","1","1","1","1","0","0","0","0","0"
"23","2023-12-23","SALA PT","15:00:00","19:00:00","0","0","0","0","0","0","0","0","0","0","0","0","0","0","0","1","1","1","1","0","0","0","0","0"
"23","2023-12-24","SALA PT","15:00:00","19:00:00","0","0","0","0","0","0","0","0","0","0","0","0","0","0","0","1","1","1","1","0","0","0","0","0"
"24","2023-12-18","SALA PT","15:00:00","19:00:00","0","0","0","0","0","0","0","0","0","0","0","0","0","0","0","1","1","1","1","0","0","0","0","0"
"24","2023-12-19","SALA PT","15:00:00","19:00:00","0","0","0","0","0","0","0","0","0","0","0","0","0","0","0","1","1","1","1","0","0","0","0","0"
"24","2023-12-20","Libre","00:00:00","00:00:00","0","0","0","0","0","0","0","0","0","0","0","0","0","0","0","0","0","0","0","0","0","0","0","0"
"24","2023-12-21","Libre","00:00:00","00:00:00","0","0","0","0","0","0","0","0","0","0","0","0","0","0","0","0","0","0","0","0","0","0","0","0"
"24","2023-12-22","SALA PT","15:00:00","19:00:00","0","0","0","0","0","0","0","0","0","0","0","0","0","0","0","1","1","1","1","0","0","0","0","0"
"24","2023-12-23","SALA PT","17:00:00","21:00:00","0","0","0","0","0","0","0","0","0","0","0","0","0","0","0","0","0","1","1","1","1","0","0","0"
"24","2023-12-24","SALA PT","19:00:00","23:00:00","0","0","0","0","0","0","0","0","0","0","0","0","0","0","0","0","0","0","0","1","1","1","1","0"
"25","2023-12-18","Libre","00:00:00","00:00:00","0","0","0","0","0","0","0","0","0","0","0","0","0","0","0","0","0","0","0","0","0","0","0","0"
"25","2023-12-19","SALA PT","15:00:00","19:00:00","0","0","0","0","0","0","0","0","0","0","0","0","0","0","0","1","1","1","1","0","0","0","0","0"
"25","2023-12-20","SALA PT","15:00:00","19:00:00","0","0","0","0","0","0","0","0","0","0","0","0","0","0","0","1","1","1","1","0","0","0","0","0"
"25","2023-12-21","SALA PT","19:00:00","23:00:00","0","0","0","0","0","0","0","0","0","0","0","0","0","0","0","0","0","0","0","1","1","1","1","0"
"25","2023-12-22","SALA PT","19:00:00","23:00:00","0","0","0","0","0","0","0","0","0","0","0","0","0","0","0","0","0","0","0","1","1","1","1","0"
"25","2023-12-23","SALA PT","15:00:00","19:00:00","0","0","0","0","0","0","0","0","0","0","0","0","0","0","0","1","1","1","1","0","0","0","0","0"
"25","2023-12-24","SALA PT","17:00:00","21:00:00","0","0","0","0","0","0","0","0","0","0","0","0","0","0","0","0","0","1","1","1","1","0","0","0"
"26","2023-12-18","SALA PT","19:00:00","23:00:00","0","0","0","0","0","0","0","0","0","0","0","0","0","0","0","0","0","0","0","1","1","1","1","0"
"26","2023-12-19","SALA PT","19:00:00","23:00:00","0","0","0","0","0","0","0","0","0","0","0","0","0","0","0","0","0","0","0","1","1","1","1","0"
"26","2023-12-20","Libre","00:00:00","00:00:00","0","0","0","0","0","0","0","0","0","0","0","0","0","0","0","0","0","0","0","0","0","0","0","0"
"26","2023-12-21","SALA PT","19:00:00","23:00:00","0","0","0","0","0","0","0","0","0","0","0","0","0","0","0","0","0","0","0","1","1","1","1","0"
"26","2023-12-22","Libre","00:00:00","00:00:00","0","0","0","0","0","0","0","0","0","0","0","0","0","0","0","0","0","0","0","0","0","0","0","0"
"26","2023-12-23","SALA PT","19:00:00","23:00:00","0","0","0","0","0","0","0","0","0","0","0","0","0","0","0","0","0","0","0","1","1","1","1","0"
"26","2023-12-24","SALA PT","15:00:00","19:00:00","0","0","0","0","0","0","0","0","0","0","0","0","0","0","0","1","1","1","1","0","0","0","0","0"
"27","2023-12-18","SALA PT","17:00:00","21:00:00","0","0","0","0","0","0","0","0","0","0","0","0","0","0","0","0","0","1","1","1","1","0","0","0"
"27","2023-12-19","Libre","00:00:00","00:00:00","0","0","0","0","0","0","0","0","0","0","0","0","0","0","0","0","0","0","0","0","0","0","0","0"
"27","2023-12-20","SALA PT","19:00:00","23:00:00","0","0","0","0","0","0","0","0","0","0","0","0","0","0","0","0","0","0","0","1","1","1","1","0"
"27","2023-12-21","Libre","00:00:00","00:00:00","0","0","0","0","0","0","0","0","0","0","0","0","0","0","0","0","0","0","0","0","0","0","0","0"
"27","2023-12-22","SALA PT","19:00:00","23:00:00","0","0","0","0","0","0","0","0","0","0","0","0","0","0","0","0","0","0","0","1","1","1","1","0"
"27","2023-12-23","SALA PT","17:00:00","21:00:00","0","0","0","0","0","0","0","0","0","0","0","0","0","0","0","0","0","1","1","1","1","0","0","0"
"27","2023-12-24","SALA PT","15:00:00","19:00:00","0","0","0","0","0","0","0","0","0","0","0","0","0","0","0","1","1","1","1","0","0","0","0","0"
"28","2023-12-18","SALA FT","14:00:00","23:00:00","0","0","0","0","0","0","0","0","0","0","0","0","0","0","1","1","1","1","1","1","1","1","1","0"
"28","2023-12-19","SALA FT","14:00:00","23:00:00","0","0","0","0","0","0","0","0","0","0","0","0","0","0","1","1","1","1","1","1","1","1","1","0"
"28","2023-12-20","SALA FT","14:00:00","23:00:00","0","0","0","0","0","0","0","0","0","0","0","0","0","0","1","1","1","1","1","1","1","1","1","0"
"28","2023-12-21","Libre","00:00:00","00:00:00","0","0","0","0","0","0","0","0","0","0","0","0","0","0","0","0","0","0","0","0","0","0","0","0"
"28","2023-12-22","Libre","00:00:00","00:00:00","0","0","0","0","0","0","0","0","0","0","0","0","0","0","0","0","0","0","0","0","0","0","0","0"
"28","2023-12-23","SALA FT","07:00:00","16:00:00","0","0","0","0","0","0","0","1","1","1","1","1","1","1","1","1","0","0","0","0","0","0","0","0"
"28","2023-12-24","SALA FT","07:00:00","16:00:00","0","0","0","0","0","0","0","1","1","1","1","1","1","1","1","1","0","0","0","0","0","0","0","0"
"29","2023-12-18","SALA PT","17:00:00","21:00:00","0","0","0","0","0","0","0","0","0","0","0","0","0","0","0","0","0","1","1","1","1","0","0","0"
"29","2023-12-19","SALA PT","15:00:00","19:00:00","0","0","0","0","0","0","0","0","0","0","0","0","0","0","0","1","1","1","1","0","0","0","0","0"
"29","2023-12-20","SALA PT","15:00:00","19:00:00","0","0","0","0","0","0","0","0","0","0","0","0","0","0","0","1","1","1","1","0","0","0","0","0"
"29","2023-12-21","SALA PT","19:00:00","23:00:00","0","0","0","0","0","0","0","0","0","0","0","0","0","0","0","0","0","0","0","1","1","1","1","0"
"29","2023-12-22","Libre","00:00:00","00:00:00","0","0","0","0","0","0","0","0","0","0","0","0","0","0","0","0","0","0","0","0","0","0","0","0"
"29","2023-12-23","SALA PT","15:00:00","19:00:00","0","0","0","0","0","0","0","0","0","0","0","0","0","0","0","1","1","1","1","0","0","0","0","0"
"29","2023-12-24","SALA PT","19:00:00","23:00:00","0","0","0","0","0","0","0","0","0","0","0","0","0","0","0","0","0","0","0","1","1","1","1","0"
"30","2023-12-18","Libre","00:00:00","00:00:00","0","0","0","0","0","0","0","0","0","0","0","0","0","0","0","0","0","0","0","0","0","0","0","0"
"30","2023-12-19","SALA PT","15:00:00","19:00:00","0","0","0","0","0","0","0","0","0","0","0","0","0","0","0","1","1","1","1","0","0","0","0","0"
"30","2023-12-20","Libre","00:00:00","00:00:00","0","0","0","0","0","0","0","0","0","0","0","0","0","0","0","0","0","0","0","0","0","0","0","0"
"30","2023-12-21","SALA PT","15:00:00","19:00:00","0","0","0","0","0","0","0","0","0","0","0","0","0","0","0","1","1","1","1","0","0","0","0","0"
"30","2023-12-22","SALA PT","15:00:00","19:00:00","0","0","0","0","0","0","0","0","0","0","0","0","0","0","0","1","1","1","1","0","0","0","0","0"
"30","2023-12-23","SALA PT","17:00:00","21:00:00","0","0","0","0","0","0","0","0","0","0","0","0","0","0","0","0","0","1","1","1","1","0","0","0"
"30","2023-12-24","SALA PT","15:00:00","19:00:00","0","0","0","0","0","0","0","0","0","0","0","0","0","0","0","1","1","1","1","0","0","0","0","0"
"31","2023-12-18","SALA PT","15:00:00","19:00:00","0","0","0","0","0","0","0","0","0","0","0","0","0","0","0","1","1","1","1","0","0","0","0","0"
"31","2023-12-19","SALA PT","19:00:00","23:00:00","0","0","0","0","0","0","0","0","0","0","0","0","0","0","0","0","0","0","0","1","1","1","1","0"
"31","2023-12-20","SALA PT","15:00:00","19:00:00","0","0","0","0","0","0","0","0","0","0","0","0","0","0","0","1","1","1","1","0","0","0","0","0"
"31","2023-12-21","Libre","00:00:00","00:00:00","0","0","0","0","0","0","0","0","0","0","0","0","0","0","0","0","0","0","0","0","0","0","0","0"
"31","2023-12-22","SALA PT","17:00:00","21:00:00","0","0","0","0","0","0","0","0","0","0","0","0","0","0","0","0","0","1","1","1","1","0","0","0"
"31","2023-12-23","SALA PT","19:00:00","23:00:00","0","0","0","0","0","0","0","0","0","0","0","0","0","0","0","0","0","0","0","1","1","1","1","0"
"31","2023-12-24","Libre","00:00:00","00:00:00","0","0","0","0","0","0","0","0","0","0","0","0","0","0","0","0","0","0","0","0","0","0","0","0"
"32","2023-12-18","SALA PT","15:00:00","19:00:00","0","0","0","0","0","0","0","0","0","0","0","0","0","0","0","1","1","1","1","0","0","0","0","0"
"32","2023-12-19","SALA PT","19:00:00","23:00:00","0","0","0","0","0","0","0","0","0","0","0","0","0","0","0","0","0","0","0","1","1","1","1","0"
"32","2023-12-20","Libre","00:00:00","00:00:00","0","0","0","0","0","0","0","0","0","0","0","0","0","0","0","0","0","0","0","0","0","0","0","0"
"32","2023-12-21","SALA PT","19:00:00","23:00:00","0","0","0","0","0","0","0","0","0","0","0","0","0","0","0","0","0","0","0","1","1","1","1","0"
"32","2023-12-22","SALA PT","17:00:00","21:00:00","0","0","0","0","0","0","0","0","0","0","0","0","0","0","0","0","0","1","1","1","1","0","0","0"
"32","2023-12-23","SALA PT","19:00:00","23:00:00","0","0","0","0","0","0","0","0","0","0","0","0","0","0","0","0","0","0","0","1","1","1","1","0"
"32","2023-12-24","SALA PT","19:00:00","23:00:00","0","0","0","0","0","0","0","0","0","0","0","0","0","0","0","0","0","0","0","1","1","1","1","0"
"33","2023-12-18","Libre","00:00:00","00:00:00","0","0","0","0","0","0","0","0","0","0","0","0","0","0","0","0","0","0","0","0","0","0","0","0"
"33","2023-12-19","SALA PT","17:00:00","21:00:00","0","0","0","0","0","0","0","0","0","0","0","0","0","0","0","0","0","1","1","1","1","0","0","0"
"33","2023-12-20","SALA PT","17:00:00","21:00:00","0","0","0","0","0","0","0","0","0","0","0","0","0","0","0","0","0","1","1","1","1","0","0","0"
"33","2023-12-21","Libre","00:00:00","00:00:00","0","0","0","0","0","0","0","0","0","0","0","0","0","0","0","0","0","0","0","0","0","0","0","0"
"33","2023-12-22","SALA PT","15:00:00","19:00:00","0","0","0","0","0","0","0","0","0","0","0","0","0","0","0","1","1","1","1","0","0","0","0","0"
"33","2023-12-23","SALA PT","15:00:00","19:00:00","0","0","0","0","0","0","0","0","0","0","0","0","0","0","0","1","1","1","1","0","0","0","0","0"
"33","2023-12-24","SALA PT","19:00:00","23:00:00","0","0","0","0","0","0","0","0","0","0","0","0","0","0","0","0","0","0","0","1","1","1","1","0"
"34","2023-12-18","Libre","00:00:00","00:00:00","0","0","0","0","0","0","0","0","0","0","0","0","0","0","0","0","0","0","0","0","0","0","0","0"
"34","2023-12-19","SALA PT","17:00:00","21:00:00","0","0","0","0","0","0","0","0","0","0","0","0","0","0","0","0","0","1","1","1","1","0","0","0"
"34","2023-12-20","SALA PT","15:00:00","19:00:00","0","0","0","0","0","0","0","0","0","0","0","0","0","0","0","1","1","1","1","0","0","0","0","0"
"34","2023-12-21","SALA PT","15:00:00","19:00:00","0","0","0","0","0","0","0","0","0","0","0","0","0","0","0","1","1","1","1","0","0","0","0","0"
"34","2023-12-22","Libre","00:00:00","00:00:00","0","0","0","0","0","0","0","0","0","0","0","0","0","0","0","0","0","0","0","0","0","0","0","0"
"34","2023-12-23","SALA PT","17:00:00","21:00:00","0","0","0","0","0","0","0","0","0","0","0","0","0","0","0","0","0","1","1","1","1","0","0","0"
"34","2023-12-24","SALA PT","19:00:00","23:00:00","0","0","0","0","0","0","0","0","0","0","0","0","0","0","0","0","0","0","0","1","1","1","1","0"
"35","2023-12-18","Libre","00:00:00","00:00:00","0","0","0","0","0","0","0","0","0","0","0","0","0","0","0","0","0","0","0","0","0","0","0","0"
"35","2023-12-19","Libre","00:00:00","00:00:00","0","0","0","0","0","0","0","0","0","0","0","0","0","0","0","0","0","0","0","0","0","0","0","0"
"35","2023-12-20","SALA PT","19:00:00","23:00:00","0","0","0","0","0","0","0","0","0","0","0","0","0","0","0","0","0","0","0","1","1","1","1","0"
"35","2023-12-21","SALA PT","17:00:00","21:00:00","0","0","0","0","0","0","0","0","0","0","0","0","0","0","0","0","0","1","1","1","1","0","0","0"
"35","2023-12-22","SALA PT","15:00:00","19:00:00","0","0","0","0","0","0","0","0","0","0","0","0","0","0","0","1","1","1","1","0","0","0","0","0"
"35","2023-12-23","SALA PT","15:00:00","19:00:00","0","0","0","0","0","0","0","0","0","0","0","0","0","0","0","1","1","1","1","0","0","0","0","0"
"35","2023-12-24","SALA PT","15:00:00","19:00:00","0","0","0","0","0","0","0","0","0","0","0","0","0","0","0","1","1","1","1","0","0","0","0","0"
"36","2023-12-18","SALA PT","15:00:00","19:00:00","0","0","0","0","0","0","0","0","0","0","0","0","0","0","0","1","1","1","1","0","0","0","0","0"
"36","2023-12-19","SALA PT","17:00:00","21:00:00","0","0","0","0","0","0","0","0","0","0","0","0","0","0","0","0","0","1","1","1","1","0","0","0"
"36","2023-12-20","SALA PT","19:00:00","23:00:00","0","0","0","0","0","0","0","0","0","0","0","0","0","0","0","0","0","0","0","1","1","1","1","0"
"36","2023-12-21","SALA PT","15:00:00","19:00:00","0","0","0","0","0","0","0","0","0","0","0","0","0","0","0","1","1","1","1","0","0","0","0","0"
"36","2023-12-22","SALA PT","19:00:00","23:00:00","0","0","0","0","0","0","0","0","0","0","0","0","0","0","0","0","0","0","0","1","1","1","1","0"
"36","2023-12-23","Libre","00:00:00","00:00:00","0","0","0","0","0","0","0","0","0","0","0","0","0","0","0","0","0","0","0","0","0","0","0","0"
"36","2023-12-24","Libre","00:00:00","00:00:00","0","0","0","0","0","0","0","0","0","0","0","0","0","0","0","0","0","0","0","0","0","0","0","0"
